service_title,service_url,layer_id,layer_name,layer_type,layer_capabilities,feature_count,service_tags
Basemap_light,https://www.karto365.de/hosting/rest/services/Basemap_light/MapServer,0,EuropaCapitalNamen,Feature Layer,Map,,"deutschlandatlas, dev, 2020, base"
Basemap_light,https://www.karto365.de/hosting/rest/services/Basemap_light/MapServer,1,EuropaNamen,Feature Layer,Map,,"deutschlandatlas, dev, 2020, base"
Basemap_light,https://www.karto365.de/hosting/rest/services/Basemap_light/MapServer,2,EuropeanCapitals2,Feature Layer,Map,,"deutschlandatlas, dev, 2020, base"
Basemap_light,https://www.karto365.de/hosting/rest/services/Basemap_light/MapServer,3,VG250_LAN,Feature Layer,Map,,"deutschlandatlas, dev, 2020, base"
Basemap_light,https://www.karto365.de/hosting/rest/services/Basemap_light/MapServer,4,Ausland_Polygontoline,Feature Layer,Map,,"deutschlandatlas, dev, 2020, base"
Basemap_light,https://www.karto365.de/hosting/rest/services/Basemap_light/MapServer,5,Ausland,Feature Layer,Map,,"deutschlandatlas, dev, 2020, base"
Basemap_light,https://www.karto365.de/hosting/rest/services/Basemap_light/MapServer,6,ne_10m_rivers_lake_centerlines_erase,Feature Layer,Map,,"deutschlandatlas, dev, 2020, base"
Basemap_light,https://www.karto365.de/hosting/rest/services/Basemap_light/MapServer,7,ne_10m_lakes_erase,Feature Layer,Map,,"deutschlandatlas, dev, 2020, base"
Basemap_light,https://www.karto365.de/hosting/rest/services/Basemap_light/MapServer,8,Ausland,Feature Layer,Map,,"deutschlandatlas, dev, 2020, base"
Basemap_light,https://www.karto365.de/hosting/rest/services/Basemap_light/MapServer,9,Background,Feature Layer,Map,,"deutschlandatlas, dev, 2020, base"
pendel_b_HA2023,https://www.karto365.de/hosting/rest/services/pendel_b_HA2023/MapServer,7,Durchschnittliche Pendeldistanzen aller SV-Beschäftigten am Wohnort 2021 in km,Feature Layer,"Map,Query,Data",4603,DeutschlandAtlas
p_nelade_r_HA2023,https://www.karto365.de/hosting/rest/services/p_nelade_r_HA2023/MapServer,12,Pkw-Fahrzeit zur nächsten öffentlich zugänglichen Normalladestation für Elektroautos im Jahr 2023 in Minuten,Raster Layer,"Map,Query",,DeutschlandAtlas
pendel_a_HA2023,https://www.karto365.de/hosting/rest/services/pendel_a_HA2023/MapServer,5,Pendlerverflechtungen zwischen Gemeindeverbänden nach Anzahl der Pendler im Jahr 2021,Feature Layer,"Map,Query,Data",16047,DeutschlandAtlas
teilz_w_HA2023,https://www.karto365.de/hosting/rest/services/teilz_w_HA2023/MapServer,6,Weibliche sozialversicherungspflichtig Beschäftigte in Teilzeit am Arbeitsort an den weiblichen sozialversicherungspflichtig Beschäftigten im Jahr 2022 in %,Feature Layer,"Map,Query,Data",401,DeutschlandAtlas
p_freibad_HA2022,https://www.karto365.de/hosting/rest/services/p_freibad_HA2022/MapServer,4,Pkw-Fahrzeit zum nächsten Freibad oder Naturbad im Jahr 2020 in Minuten,Feature Layer,"Map,Query,Data",10994,deutschlandatlas
preis_miet_HA2023,https://www.karto365.de/hosting/rest/services/preis_miet_HA2023/MapServer,3,Wiedervermietungsmieten (Angebotsmieten nettokalt) im Jahr 2022 in € je m²,Feature Layer,"Map,Query,Data",400,DeutschlandAtlas
heiz_wohn_HA2023,https://www.karto365.de/hosting/rest/services/heiz_wohn_HA2023/MapServer,6,Anteil fertiggestellter Wohnungen mit primär erneuerbarer Heizenergie an allen errichteten Wohnungen in neuen Wohngebäuden im Jahr 2021 in %,Feature Layer,"Map,Query,Data",400,DeutschlandAtlas
wohn_EFZH_HA2023,https://www.karto365.de/hosting/rest/services/wohn_EFZH_HA2023/MapServer,3,Fertiggestellte Wohnungen in neuen Ein- und Zweifamilienhäusern je 10.000 Einwohner-/innen im Jahr 2021,Feature Layer,"Map,Query,Data",400,DeutschlandAtlas
bev_ausl_HA2023,https://www.karto365.de/hosting/rest/services/bev_ausl_HA2023/MapServer,3,Anteil der Ausländer/-innen an der Gesamtbevölkerung im Jahr 2021 in %,Feature Layer,"Map,Query,Data",400,DeutschlandAtlas
bev_u18_HA2023,https://www.karto365.de/hosting/rest/services/bev_u18_HA2023/MapServer,3,Anteil der unter 18-Jährigen an der Gesamtbevölkerung im Jahr 2021 in %,Feature Layer,"Map,Query,Data",400,DeutschlandAtlas
oenv_HA2023,https://www.karto365.de/hosting/rest/services/oenv_HA2023/MapServer,3,"Anteil der Bevölkerung, die in maximal 600 m bzw. bei Bahnhöfen 1.200 m Luftlinienentfernung um eine Haltestelle mit mindestens 20 Abfahrten im ÖV am Tag wohnt, im Jahr 2022 in %",Feature Layer,"Map,Query,Data",4603,DeutschlandAtlas
schule_oabschl_HA2023,https://www.karto365.de/hosting/rest/services/schule_oabschl_HA2023/MapServer,5,Anteil der Schulabgänger/-innen ohne Hauptschulabschluss an allen Schulabgänger/-innen allgemeinbildender Schulen im Jahr 2021 in %,Feature Layer,"Map,Query,Data",400,DeutschlandAtlas
erw_minineben_HA2023,https://www.karto365.de/hosting/rest/services/erw_minineben_HA2023/MapServer,3,Anteil der geringfügig entlohnten Beschäftigten im Nebenjob am Arbeitsort an allen Erwerbstätigen im Jahr 2021 in %,Feature Layer,"Map,Query,Data",400,DeutschlandAtlas
teilz_m_HA2022,https://www.karto365.de/hosting/rest/services/teilz_m_HA2022/MapServer,4,Männliche sozialversicherungspflichtig Beschäftigte in Teilzeit am Arbeitsort an den männlichen sozialversicherungspflichtig Beschäftigten im Jahr 2021 in %,Feature Layer,"Map,Query,Data",401,deutschlandatlas
p_kh_gru_b,https://www.karto365.de/hosting/rest/services/p_kh_gru_b/MapServer,0,p_kh_gru,Feature Layer,"Map,Query,Data",11224,"deutschlandatlas, dev, 2020"
ko_kasskred_HA2022,https://www.karto365.de/hosting/rest/services/ko_kasskred_HA2022/MapServer,3,Kommunale Kassenkredite je Einwohner/-in im Jahr 2020 in € ,Feature Layer,"Map,Query,Data",401,deutschlandatlas
beschq_m_HA2023,https://www.karto365.de/hosting/rest/services/beschq_m_HA2023/MapServer,5,Sozialversicherungspflichtig beschäftigte Männer am Wohnort je 100 Männer im erwerbsfähigen Alter im Jahr 2022,Feature Layer,"Map,Query,Data",10994,DeutschlandAtlas
st_einnkr_HA2021,https://www.karto365.de/hosting/rest/services/st_einnkr_HA2021/MapServer,0,Steuereinnahmekraft je Einwohner/-in im Jahr 2018 in €,Feature Layer,"Map,Query,Data",11007,"deutschlandatlas, HA2021"
fl_suv_ZA2023,https://www.karto365.de/hosting/rest/services/fl_suv_ZA2023/MapServer,3,Anteil der Siedlungs- und Verkehrsfläche an der Gesamtfläche im Jahr 2021 in %,Feature Layer,"Map,Query,Data",400,Deutschlandatlas
p_markt_b,https://www.karto365.de/hosting/rest/services/p_markt_b/MapServer,0,p_markt,Feature Layer,"Map,Query,Data",11224,"deutschlandatlas, Dev, 2020"
kbetr_u3_ZA2022,https://www.karto365.de/hosting/rest/services/kbetr_u3_ZA2022/MapServer,0,Anteil der betreuten Kinder unter 3 Jahren in Kindertageseinrichtungen/-tagespflege an der Altersgruppe im Jahr 2020 in %,Feature Layer,"Map,Query,Data",401,deutschlandatlas
bev_ausw_HA2022,https://www.karto365.de/hosting/rest/services/bev_ausw_HA2022/MapServer,3,Saldo der Außenwanderungen pro 10.000 Einwohner/-innen im Jahr 2020,Feature Layer,"Map,Query,Data",401,deutschlandatlas
p_elade_HA2022,https://www.karto365.de/hosting/rest/services/p_elade_HA2022/MapServer,4,Pkw-Fahrzeit zur nächsten Ladestation für Elektroautos im Jahr 2020 in Minuten,Feature Layer,"Map,Query,Data",10994,deutschlandatlas
erw_vol_HA2023,https://www.karto365.de/hosting/rest/services/erw_vol_HA2023/MapServer,3,Veränderung des Arbeitsvolumens am Arbeitsort 2014 zu 2020 in %,Feature Layer,"Map,Query,Data",401,DeutschlandAtlas
v_harzt_HA2023,https://www.karto365.de/hosting/rest/services/v_harzt_HA2023/MapServer,5,Hausärzte/-ärztinnen je 100.000 Einwohner/-innen im Jahr 2020,Feature Layer,"Map,Query,Data",401,DeutschlandAtlas
fl_suv_HA2022,https://www.karto365.de/hosting/rest/services/fl_suv_HA2022/MapServer,3,Anteil der Siedlungs- und Verkehrsfläche an der Gesamtfläche im Jahr 2020 in %,Feature Layer,"Map,Query,Data",401,deutschlandatlas
v_breitb1000_HA2023,https://www.karto365.de/hosting/rest/services/v_breitb1000_HA2023/MapServer,5,"Anteil der Haushalte, die mit einer Internetgeschwindigkeit von ≥ 1.000 Mbit/s versorgt werden können, im Juni 2022 in %",Feature Layer,"Map,Query,Data",10994,DeutschlandAtlas
alq_HA2023,https://www.karto365.de/hosting/rest/services/alq_HA2023/MapServer,5,Arbeitslosenquote bezogen auf alle zivilen Erwerbspersonen im Jahr 2022 in %,Feature Layer,"Map,Query,Data",400,DeutschlandAtlas
bquali_oabschl_HA2022,https://www.karto365.de/hosting/rest/services/bquali_oabschl_HA2022/MapServer,3,Anteil sozialversicherungspflichtig Beschäftigter am Arbeitsort ohne einen Berufs-/ akademischen Abschluss an allen sozialversicherungspflichtig Beschäftigten im Jahr 2021 in %,Feature Layer,"Map,Query,Data",400,deutschlandatlas
fl_landw_HA2022,https://www.karto365.de/hosting/rest/services/fl_landw_HA2022/MapServer,3,Anteil der Landwirtschaftsfläche an der Gesamtfläche im Jahr 2020 in %,Feature Layer,"Map,Query,Data",401,deutschlandatlas
kinder_bg_HA2022,https://www.karto365.de/hosting/rest/services/kinder_bg_HA2022/MapServer,3,Anteil der unter 15-Jährigen in SGB-II-Bedarfsgemeinschaften an der Altersgruppe im Jahr 2020 in %,Feature Layer,"Map,Query,Data",401,deutschlandatlas
kbetr_u3_HA2023,https://www.karto365.de/hosting/rest/services/kbetr_u3_HA2023/MapServer,1,Anteil der betreuten Kinder unter 3 Jahren in Kindertageseinrichtungen/-tagespflege an der Altersgruppe im Jahr 2021 in %,Feature Layer,"Map,Query,Data",400,DeutschlandAtlas
pfl_stat_wms,https://www.karto365.de/hosting/rest/services/pfl_stat_wms/MapServer,0,Anteil der Pflegebedürftigen in stationärer Pflege im Jahr 2019 an den Pflegebedürftigen insgesamt in %,Feature Layer,"Map,Query,Data",401,deutschlandatlas
teilz_w_HA2022,https://www.karto365.de/hosting/rest/services/teilz_w_HA2022/MapServer,4,Weibliche sozialversicherungspflichtig Beschäftigte in Teilzeit am Arbeitsort an den weiblichen sozialversicherungspflichtig Beschäftigten im Jahr 2021 in %,Feature Layer,"Map,Query,Data",401,deutschlandatlas
pendel_a_HA2021,https://www.karto365.de/hosting/rest/services/pendel_a_HA2021/MapServer,0,Durchschnittliche Pendeldistanzen aller SV-Beschäftigten am Wohnort im Jahr 2019 in km,Feature Layer,"Map,Query,Data",4618,"deutschlandatlas, HA2021"
VG250_Verbandsgemeinden1219_Punkt,https://www.karto365.de/hosting/rest/services/VG250_Verbandsgemeinden1219_Punkt/MapServer,0,VG250_Verbandsgemeinden1219_Punkte_innerhalb,Feature Layer,"Map,Query,Data",4399,"deutschlandatlas, base"
VG250_Verbandsgemeinden1219_Punkt,https://www.karto365.de/hosting/rest/services/VG250_Verbandsgemeinden1219_Punkt/MapServer,1,VG250_Verbandsgemeinden1219,Feature Layer,"Map,Query,Data",4618,"deutschlandatlas, base"
v_lte_ZA2022,https://www.karto365.de/hosting/rest/services/v_lte_ZA2022/MapServer,0,Mobile Breitbandverfügbarkeit mit LTE ab 2 Mbit/s in % der Fläche im Jahr 2021,Feature Layer,"Map,Query,Data",11305,deutschlandatlas
elterng_v_HA2022,https://www.karto365.de/hosting/rest/services/elterng_v_HA2022/MapServer,3,"Anteil der Kinder, deren Vater Elterngeld bezogen hat, an allen anspruchsbegründeten Kindern im Jahr 2018 in %",Feature Layer,"Map,Query,Data",401,deutschlandatlas
p_hbad_HA2022,https://www.karto365.de/hosting/rest/services/p_hbad_HA2022/MapServer,3,Pkw-Fahrzeit zum nächsten Hallenbad im Jahr 2020 in Minuten,Feature Layer,"Map,Query,Data",10994,deutschlandatlas
VG250_Gemeinden1220_Punkt,https://www.karto365.de/hosting/rest/services/VG250_Gemeinden1220_Punkt/MapServer,0,VG250_Gemeinden1220_Punkte_innerhalb,Feature Layer,"Map,Data",,deutschlandatlas
VG250_Gemeinden1220_Punkt,https://www.karto365.de/hosting/rest/services/VG250_Gemeinden1220_Punkt/MapServer,1,VG250_Gemeinden1220,Feature Layer,"Map,Data",,deutschlandatlas
p_nelade_f_HA2023,https://www.karto365.de/hosting/rest/services/p_nelade_f_HA2023/MapServer,11,p_nelade_f,Feature Layer,"Map,Query,Data",10994,DeutschlandAtlas
teilz_insg_HA2022,https://www.karto365.de/hosting/rest/services/teilz_insg_HA2022/MapServer,4,Anteil der sozialversicherungspflichtig Beschäftigten in Teilzeit am Arbeitsort an den sozialversicherungspflichtig Beschäftigten im Jahr 2021 in %,Feature Layer,"Map,Query,Data",401,deutschlandatlas
erw_vol_HA2022,https://www.karto365.de/hosting/rest/services/erw_vol_HA2022/MapServer,3,Veränderung des Arbeitsvolumens am Arbeitsort 2014 zu 2019 in %,Feature Layer,"Map,Query,Data",401,deutschlandatlas
ko_kasskred_HA2023,https://www.karto365.de/hosting/rest/services/ko_kasskred_HA2023/MapServer,5,Kommunale Kassenkredite je Einwohner/-in im Jahr 2021 in € ,Feature Layer,"Map,Query,Data",400,DeutschlandAtlas
sozsich_ZA2023,https://www.karto365.de/hosting/rest/services/sozsich_ZA2023/MapServer,3,Anteil der Personen in sozialer Mindestsicherung an allen Einwohnerinnen und Einwohnern im Jahr 2020 in %,Feature Layer,"Map,Query,Data",401,Deutschlandatlas
p_selade_r_HA2023,https://www.karto365.de/hosting/rest/services/p_selade_r_HA2023/MapServer,14,Pkw-Fahrzeit zur nächsten öffentlich zugänglichen Schnellladestation für Elektroautos im Jahr 2023 in Minuten,Raster Layer,"Map,Query",,DeutschlandAtlas
VG250_Kreise1219_Punkt,https://www.karto365.de/hosting/rest/services/VG250_Kreise1219_Punkt/MapServer,0,VG250_Kreise1219_Punkte_innerhalb,Feature Layer,Map,,"deutschlandatlas, base, dev"
VG250_Kreise1219_Punkt,https://www.karto365.de/hosting/rest/services/VG250_Kreise1219_Punkt/MapServer,1,VG250_Kreise1219,Feature Layer,Map,,"deutschlandatlas, base, dev"
v_breitb50_HA2021,https://www.karto365.de/hosting/rest/services/v_breitb50_HA2021/MapServer,0,"Anteil der Haushalte, die mit einer Internetgeschwindigkeit von mindestens 50 Mbit/s versorgt werden können, im Juni 2020 in %",Feature Layer,"Map,Query,Data",11139,"deutschlandatlas, HA2021"
schulden_HA2023,https://www.karto365.de/hosting/rest/services/schulden_HA2023/MapServer,5,Anteil überschuldeter Personen über 18 Jahre an der Altersgruppe im Jahr 2022 in %,Feature Layer,"Map,Query,Data",401,DeutschlandAtlas
alq_HA2022_2,https://www.karto365.de/hosting/rest/services/alq_HA2022_2/MapServer,3,Arbeitslosenquote bezogen auf alle zivilen Erwerbspersonen im Jahr 2021 in %,Feature Layer,"Map,Query,Data",400,deutschlandatlas
v_lte_wms,https://www.karto365.de/hosting/rest/services/v_lte_wms/MapServer,0,Mobile Breitbandverfügbarkeit mit LTE ab 2 Mbit/s in % der Fläche im Jahr 2021,Feature Layer,"Map,Query,Data",11305,deutschlandatlas
bev_ue65_HA2021,https://www.karto365.de/hosting/rest/services/bev_ue65_HA2021/MapServer,0,Anteil der 65-Jährigen und Älteren an der Gesamtbevölkerung im Jahr 2019 in %,Feature Layer,"Map,Query,Data",401,"deutschlandatlas, HA2021"
p_kh_sm_b,https://www.karto365.de/hosting/rest/services/p_kh_sm_b/MapServer,0,p_kh_sm,Feature Layer,"Map,Query,Data",11224,"deutschlandatlas, dev, 2020"
ko_kasskred_HA2021,https://www.karto365.de/hosting/rest/services/ko_kasskred_HA2021/MapServer,0,Kommunale Kassenkredite je Einwohner/-in im Jahr 2019 in € ,Feature Layer,"Map,Query,Data",401,"deutschlandatlas, HA2021"
erw_mini_ZA2022,https://www.karto365.de/hosting/rest/services/erw_mini_ZA2022/MapServer,0,Anteil der ausschließlich geringfügig entlohnten Beschäftigten am Arbeitsort an allen Erwerbstätigen im Jahr 2019 in %,Feature Layer,"Map,Query,Data",401,deutschlandatlas
kbetr_ue6_ZA2022,https://www.karto365.de/hosting/rest/services/kbetr_ue6_ZA2022/MapServer,0,Anteil der betreuten Kinder ab 6 bis unter 11 Jahren in Kindertageseinrichtungen/-tagespflege an der Altersgruppe im Jahr 2020 in %,Feature Layer,"Map,Query,Data",401,deutschlandatlas
fl_wald_HA2022,https://www.karto365.de/hosting/rest/services/fl_wald_HA2022/MapServer,3,Anteil der Waldfläche an der Gesamtfläche im Jahr 2020 in %,Feature Layer,"Map,Query,Data",401,deutschlandatlas
bev_18_65_HA2023,https://www.karto365.de/hosting/rest/services/bev_18_65_HA2023/MapServer,3,Anteil der 18- bis unter 65-Jährigen an der Gesamtbevölkerung im Jahr 2021 in %,Feature Layer,"Map,Query,Data",400,DeutschlandAtlas
elade_HA2022,https://www.karto365.de/hosting/rest/services/elade_HA2022/MapServer,4,Öffentlich zugängliche Ladepunkte für Elektrofahrzeuge im Jahr 2021 je 100.000 Einwohner/-innen,Feature Layer,"Map,Query,Data",401,deutschlandatlas
bev_ausl_HA2021,https://www.karto365.de/hosting/rest/services/bev_ausl_HA2021/MapServer,0,Anteil der Ausländer/-innen an der Gesamtbevölkerung im Jahr 2019 in %,Feature Layer,"Map,Query,Data",401,"deutschlandatlas, HA2021"
kinder_bg_wms,https://www.karto365.de/hosting/rest/services/kinder_bg_wms/MapServer,3,Anteil der unter 15-Jährigen in SGB-II-Bedarfsgemeinschaften an der Altersgruppe im Jahr 2020 in %,Feature Layer,"Query,Map,Data",401,"deutschlandatlas, geoportal"
st_einnkr_ZA2023,https://www.karto365.de/hosting/rest/services/st_einnkr_ZA2023/MapServer,7,Steuereinnahmekraft je Einwohner/-in im Jahr 2021 in €,Feature Layer,"Map,Query,Data",10994,deutschlandatlas
v_breitb50_HA2023,https://www.karto365.de/hosting/rest/services/v_breitb50_HA2023/MapServer,4,"Anteil der Haushalte, die mit einer Internetgeschwindigkeit von ≥ 50 Mbit/s versorgt werden können, im Juni 2022 in % ",Feature Layer,"Query,Map,Data",10994,DeutschlandAtlas
wohn_MFH_HA2023,https://www.karto365.de/hosting/rest/services/wohn_MFH_HA2023/MapServer,3,Fertiggestellte Wohnungen in neuen Mehrfamilienhäusern je 10.000 Einwohner-/innen im Jahr 2021,Feature Layer,"Map,Query,Data",400,DeutschlandAtlas
beschq_insg_HA2022,https://www.karto365.de/hosting/rest/services/beschq_insg_HA2022/MapServer,3,Sozialversicherungspflichtig Beschäftigte am Wohnort je 100 Einwohner/-innen im erwerbsfähigen Alter im Jahr 2021,Feature Layer,"Map,Query,Data",10994,deutschlandatlas
wohn_EZFH_ZA2022,https://www.karto365.de/hosting/rest/services/wohn_EZFH_ZA2022/MapServer,0,Fertiggestellte Wohnungen in neuen Ein- und Zweifamilienhäusern je 10.000 Einwohner-/innen im Jahr 2020,Feature Layer,"Map,Query,Data",401,deutschlandatlas
kbetr_ue3_ZA2022,https://www.karto365.de/hosting/rest/services/kbetr_ue3_ZA2022/MapServer,0,Anteil der betreuten Kinder ab 3 bis unter 6 Jahren in Kindertageseinrichtungen/-tagespflege an der Altersgruppe im Jahr 2020 in %,Feature Layer,"Map,Query,Data",401,deutschlandatlas
bev_entw_ZA2022,https://www.karto365.de/hosting/rest/services/bev_entw_ZA2022/MapServer,0,Gemittelte Entwicklung der Bevölkerungszahl zwischen 2015 und 2020 pro Jahr in %,Feature Layer,"Map,Query,Data",11001,deutschlandatlas
teilz_w_HA2021,https://www.karto365.de/hosting/rest/services/teilz_w_HA2021/MapServer,0,Weibliche sozialversicherungspflichtig Beschäftigte in Teilzeit am Arbeitsort an den weiblichen sozialversicherungspflichtig Beschäftigten im Jahr 2020 in %,Feature Layer,"Map,Query,Data",401,"deutschlandatlas, HA2021"
wohn_leer_HA2021,https://www.karto365.de/hosting/rest/services/wohn_leer_HA2021/MapServer,0,Anteil leer stehender Wohnungen an allen Wohnungen im Jahr 2018 in %,Feature Layer,"Map,Query,Data",401,"deutschlandatlas, HA2021"
wohn_MFH_ZA2022,https://www.karto365.de/hosting/rest/services/wohn_MFH_ZA2022/MapServer,0,Fertiggestellte Wohnungen in neuen Mehrfamilienhäusern je 10.000 Einwohner-/innen im Jahr 2020,Feature Layer,"Map,Query,Data",401,deutschlandatlas
eauto_HA2022,https://www.karto365.de/hosting/rest/services/eauto_HA2022/MapServer,0,Anteil von Pkw mit reinem Elektroantrieb (BEV) an allen Pkw im Jahr 2022 in %,Feature Layer,"Map,Query,Data",400,deutschlandatlas
p_apo_f_ZA2022,https://www.karto365.de/hosting/rest/services/p_apo_f_ZA2022/MapServer,0,p_apo,Feature Layer,"Map,Query,Data",11001,deutschlandatlas
wahl_beteil_wms,https://www.karto365.de/hosting/rest/services/wahl_beteil_wms/MapServer,4,Bundestagswahlbeteiligung 2021 in Kreisen in %,Feature Layer,"Map,Query,Data",400,"deutschlandatlas, geoportal"
preis_miet_HA2022,https://www.karto365.de/hosting/rest/services/preis_miet_HA2022/MapServer,3,Wiedervermietungsmieten (Angebotsmieten nettokalt) im Jahr 2021 in € je m²,Feature Layer,"Query,Map,Data",400,deutschlandatlas
schule_oabschl_HA2022,https://www.karto365.de/hosting/rest/services/schule_oabschl_HA2022/MapServer,3,Anteil der Schulabgänger/-innen ohne Hauptschulabschluss an allen Schulabgänger/-innen allgemeinbildender Schulen im Jahr 2020 in %,Feature Layer,"Map,Query,Data",401,deutschlandatlas
beschq_m_HA2022,https://www.karto365.de/hosting/rest/services/beschq_m_HA2022/MapServer,3,Sozialversicherungspflichtig beschäftigte Männer am Wohnort je 100 Männer im erwerbsfähigen Alter im Jahr 2021,Feature Layer,"Map,Query,Data",10994,deutschlandatlas
kinder_bg_HA2021,https://www.karto365.de/hosting/rest/services/kinder_bg_HA2021/MapServer,0,Anteil der unter 15-Jährigen in SGB-II-Bedarfsgemeinschaften an der Altersgruppe im Jahr 2019 in %,Feature Layer,"Map,Query,Data",401,"deutschlandatlas, HA2021"
kbetr_ue3_HA2023,https://www.karto365.de/hosting/rest/services/kbetr_ue3_HA2023/MapServer,3,Anteil der betreuten Kinder ab 3 bis unter 6 Jahren in Kindertageseinrichtungen/ -tagespflege an der Altersgruppe im Jahr 2021 in %,Feature Layer,"Map,Query,Data",400,DeutschlandAtlas
luftrtng_b,https://www.karto365.de/hosting/rest/services/luftrtng_b/MapServer,0,luftrtng,Feature Layer,"Map,Query,Data",11224,"deutschlandatlas, dev, 2020"
einbr_HA2022,https://www.karto365.de/hosting/rest/services/einbr_HA2022/MapServer,3,Fälle von Wohnungseinbruchdiebstahl pro 100.000 Einwohner/-innen im Jahr 2021,Feature Layer,"Map,Query,Data",401,deutschlandatlas
beschq_insg_HA2021,https://www.karto365.de/hosting/rest/services/beschq_insg_HA2021/MapServer,0,Sozialversicherungspflichtig Beschäftigte am Wohnort je 100 Einwohner-/innen im erwerbsfähigen Alter im Jahr 2020,Feature Layer,"Map,Query,Data",11007,"deutschlandatlas, HA2021"
p_sek_1_a,https://www.karto365.de/hosting/rest/services/p_sek_1_a/MapServer,0,Pkw-Fahrzeit zur nächsten Schule der Sekundarstufe I in den Jahren 2015/16/17 in Minuten,Raster Layer,"Map,Query",,"deutschlandatlas, dev, 2020"
erw_mini_ZA2023,https://www.karto365.de/hosting/rest/services/erw_mini_ZA2023/MapServer,3,Anteil der ausschließlich geringfügig entlohnten Beschäftigten am Arbeitsort an allen Erwerbstätigen im Jahr 2020 in %,Feature Layer,"Map,Query,Data",401,Deutschlandatlas
erw_wachs_HA2023,https://www.karto365.de/hosting/rest/services/erw_wachs_HA2023/MapServer,3,Gemittelte Entwicklung der Erwerbstätigenzahl am Arbeitsort von 2011 bis 2021 pro Jahr in %,Feature Layer,"Map,Query,Data",400,DeutschlandAtlas
bev_ue65_ZA2022,https://www.karto365.de/hosting/rest/services/bev_ue65_ZA2022/MapServer,0,Anteil der 65-Jährigen und Älteren an der Gesamtbevölkerung im Jahr 2020 in %,Feature Layer,"Map,Query,Data",401,deutschlandatlas
VG250_Verbandsgemeinden_1220_Punkt,https://www.karto365.de/hosting/rest/services/VG250_Verbandsgemeinden_1220_Punkt/MapServer,2,VG250_Verbandsgemeinden1220_Punkte_innerhalb,Feature Layer,"Map,Data",,deutschlandatlas
VG250_Verbandsgemeinden_1220_Punkt,https://www.karto365.de/hosting/rest/services/VG250_Verbandsgemeinden_1220_Punkt/MapServer,3,VG250_Verbandsgemeinden1220,Feature Layer,"Map,Data",,deutschlandatlas
v_harzt_HA2021,https://www.karto365.de/hosting/rest/services/v_harzt_HA2021/MapServer,0,Hausärzte/-ärztinnen je 100.000 Einwohner/-innen im Jahr 2017 ,Feature Layer,"Map,Query,Data",401,"deutschlandatlas, HA2021"
kbtr_pers_HA2021,https://www.karto365.de/hosting/rest/services/kbtr_pers_HA2021/MapServer,0,Plätze in Kindertageseinrichtungen je pädagogisch tätige Person im Jahr 2019,Feature Layer,"Map,Query,Data",401,"deutschlandatlas, HA2021"
bev_u18_HA2021,https://www.karto365.de/hosting/rest/services/bev_u18_HA2021/MapServer,0,Anteil der unter 18-Jährigen an der Gesamtbevölkerung im Jahr 2019 in %,Feature Layer,"Map,Query,Data",401,"deutschlandatlas, HA2021"
VG250_GEM1217_neu,https://www.karto365.de/hosting/rest/services/VG250_GEM1217_neu/MapServer,0,VG250_GEM1217,Feature Layer,Map,,"deutschlandatlas, dev, base"
bev_ue65_HA2023,https://www.karto365.de/hosting/rest/services/bev_ue65_HA2023/MapServer,4,Anteil der 65-Jährigen und Älteren an der Gesamtbevölkerung im Jahr 2021 in %,Feature Layer,"Map,Query,Data",400,DeutschlandAtlas
bev_binw_HA2022,https://www.karto365.de/hosting/rest/services/bev_binw_HA2022/MapServer,3,Saldo der Binnenwanderungen pro 10.000 Einwohner/-innen im Jahr 2020,Feature Layer,"Query,Map,Data",401,deutschlandatlas
grusi_ZA2022,https://www.karto365.de/hosting/rest/services/grusi_ZA2022/MapServer,0,Anteil der Bevölkerung mit Grundsicherung im Alter an den 65-Jährigen und Älteren im Jahr 2020 in %,Feature Layer,"Map,Query,Data",401,deutschlandatlas
p_hbad_f_HA2022,https://www.karto365.de/hosting/rest/services/p_hbad_f_HA2022/MapServer,3,p_hbad_f,Feature Layer,"Map,Query,Data",10994,deutschlandatlas
wohn_EZFH_HA2021,https://www.karto365.de/hosting/rest/services/wohn_EZFH_HA2021/MapServer,0,Fertiggestellte Wohnungen in neuen Ein- und Zweifamilienhäusern je 10.000 Einwohner-/innen im Jahr 2019,Feature Layer,"Map,Query,Data",401,"deutschlandatlas, HA2021"
grusi_wms,https://www.karto365.de/hosting/rest/services/grusi_wms/MapServer,0,Anteil der Bevölkerung mit Grundsicherung im Alter an den 65-Jährigen und Älteren im Jahr 2020 in %,Feature Layer,"Map,Query,Data",401,deutschlandatlas
bquali_unifh_HA2022,https://www.karto365.de/hosting/rest/services/bquali_unifh_HA2022/MapServer,3,Anteil sozialversicherungspflichtig Beschäftigter am Arbeitsort mit einem akademischen Abschluss an allen sozialversicherungspflichtig Beschäftigten im Jahr 2021 in %,Feature Layer,"Map,Query,Data",400,deutschlandatlas
schulden_HA2022,https://www.karto365.de/hosting/rest/services/schulden_HA2022/MapServer,3,Anteil überschuldeter Personen über 18 Jahre an der Altersgruppe im Jahr 2021 in %,Feature Layer,"Map,Query,Data",401,deutschlandatlas
p_ozmz_oev_r_HA2021,https://www.karto365.de/hosting/rest/services/p_ozmz_oev_r_HA2021/MapServer,0,Reisezeit mit dem Öffentlichen Verkehr (ÖV) zum Stadtzentrum des nächsten Ober- oder Mittelzentrums im Jahr 2020 in Minuten,Raster Layer,Map,,"deutschlandatlas, HA2021"
fl_landw_HA2021,https://www.karto365.de/hosting/rest/services/fl_landw_HA2021/MapServer,0,Anteil der Landwirtschaftsfläche an der Gesamtfläche im Jahr 2019 in %,Feature Layer,"Map,Query,Data",401,"deutschlandatlas, dev, HA2021"
kbtr_pers_wms,https://www.karto365.de/hosting/rest/services/kbtr_pers_wms/MapServer,0,Plätze in Kindertageseinrichtungen je pädagogisch tätige Person im Jahr 2021,Feature Layer,"Map,Query,Data",401,deutschlandatlas
p_selade_f_HA2023,https://www.karto365.de/hosting/rest/services/p_selade_f_HA2023/MapServer,4,p_selade_f,Feature Layer,"Map,Query,Data",10994,DeutschlandAtlas
erw_bip_HA2021,https://www.karto365.de/hosting/rest/services/erw_bip_HA2021/MapServer,0,Bruttoinlandsprodukt je erwerbstätige Person im Jahr 2018 in 1.000 €,Feature Layer,"Map,Query,Data",401,"deutschlandatlas, HA2021"
grusi_HA2023,https://www.karto365.de/hosting/rest/services/grusi_HA2023/MapServer,3,Anteil der Bevölkerung mit Grundsicherung im Alter an den 65-Jährigen und Älteren im Jahr 2022 in %,Feature Layer,"Map,Query,Data",400,DeutschlandAtlas
hh_veink_ZA2022,https://www.karto365.de/hosting/rest/services/hh_veink_ZA2022/MapServer,0,Verfügbares Einkommen privater Haushalte je Einwohner/-in im Jahr 2019 in 1.000 €,Feature Layer,"Map,Query,Data",401,deutschlandatlas
beschq_w_HA2023,https://www.karto365.de/hosting/rest/services/beschq_w_HA2023/MapServer,6,Sozialversicherungspflichtig beschäftigte Frauen am Wohnort je 100 Frauen im erwerbsfähigen Alter im Jahr 2022,Feature Layer,"Map,Query,Data",10994,DeutschlandAtlas
sozsich_HA2021,https://www.karto365.de/hosting/rest/services/sozsich_HA2021/MapServer,0,Anteil der Personen in sozialer Mindestsicherung an allen Einwohnerinnen und Einwohnern im Jahr 2019 in %,Feature Layer,"Map,Query,Data",401,"deutschlandatlas, HA2021"
bev_entw_HA2023,https://www.karto365.de/hosting/rest/services/bev_entw_HA2023/MapServer,3,Gemittelte Entwicklung der Bevölkerungszahl zwischen 2016 und 2021 pro Jahr in %,Feature Layer,"Map,Query,Data",10994,DeutschlandAtlas
v_harzt_HA2022,https://www.karto365.de/hosting/rest/services/v_harzt_HA2022/MapServer,3,Hausärzte/-ärztinnen je 100.000 Einwohner/-innen im Jahr 2019,Feature Layer,"Map,Query,Data",401,deutschlandatlas
VG250_Kreise_1221_Punkte,https://www.karto365.de/hosting/rest/services/VG250_Kreise_1221_Punkte/MapServer,0,VG250_Kreise_1221_Punkte_innerhalb,Feature Layer,Map,,deutschlandatlas
VG250_Kreise_1221_Punkte,https://www.karto365.de/hosting/rest/services/VG250_Kreise_1221_Punkte/MapServer,1,VG250_Kreise_1221,Feature Layer,Map,,deutschlandatlas
beschq_w_HA2022,https://www.karto365.de/hosting/rest/services/beschq_w_HA2022/MapServer,3,Sozialversicherungspflichtig beschäftigte Frauen am Wohnort je 100 Frauen im erwerbsfähigen Alter im Jahr 2021,Feature Layer,"Map,Query,Data",10994,deutschlandatlas
pfl_ambu_ZA2022,https://www.karto365.de/hosting/rest/services/pfl_ambu_ZA2022/MapServer,0,Anteil der Pflegebedürftigen in ambulanter Pflege an den Pflegebedürftigen insgesamt im Jahr 2019 in %,Feature Layer,"Map,Query,Data",401,deutschlandatlas
p_ozmz_miv_f_HA2021,https://www.karto365.de/hosting/rest/services/p_ozmz_miv_f_HA2021/MapServer,0,p_ozmz_miv,Feature Layer,"Map,Query,Data",4618,"deutschlandatlas, HA2021"
bev_dicht_HA2023,https://www.karto365.de/hosting/rest/services/bev_dicht_HA2023/MapServer,5,Einwohner/-innen je km² im Jahr 2021,Feature Layer,"Map,Query,Data",10994,DeutschlandAtlas
elterng_v_HA2023,https://www.karto365.de/hosting/rest/services/elterng_v_HA2023/MapServer,3,"Anteil der Kinder, deren Vater Elterngeld bezogen hat an allen anspruchsbegründeten Kindern im Jahr 2019 in %",Feature Layer,"Map,Query,Data",400,DeutschlandAtlas
p_elade_f_HA2022,https://www.karto365.de/hosting/rest/services/p_elade_f_HA2022/MapServer,4,p_elade_f,Feature Layer,"Map,Query,Data",10994,deutschlandatlas
wohn_MFH_HA2021,https://www.karto365.de/hosting/rest/services/wohn_MFH_HA2021/MapServer,0,Fertiggestellte Wohnungen in neuen Mehrfamilienhäusern je 10.000 Einwohner-/innen im Jahr 2019,Feature Layer,"Map,Query,Data",401,"deutschlandatlas, HA2021"
bev_entw_wms,https://www.karto365.de/hosting/rest/services/bev_entw_wms/MapServer,0,Gemittelte Entwicklung der Bevölkerungszahl zwischen 2015 und 2020 pro Jahr in %,Feature Layer,"Map,Query,Data",11001,deutschlandatlas
bquali_unifh_HA2021,https://www.karto365.de/hosting/rest/services/bquali_unifh_HA2021/MapServer,0,Anteil sozialversicherungspflichtig Beschäftigter am Arbeitsort mit einem akademischen Abschluss an allen sozialversicherungspflichtig Beschäftigten im Jahr 2020 in %,Feature Layer,"Map,Query,Data",401,"deutschlandatlas, HA2021"
p_grunds_b,https://www.karto365.de/hosting/rest/services/p_grunds_b/MapServer,0,p_grunds,Feature Layer,"Map,Query,Data",11224,"deutschlandatlas, dev, 2020"
p_ozmz_miv_r_HA2021,https://www.karto365.de/hosting/rest/services/p_ozmz_miv_r_HA2021/MapServer,0,Pkw-Fahrzeit zum Stadtzentrum des nächsten Ober- oder Mittelzentrums im Jahr 2020 in Minuten,Raster Layer,Map,,"deutschlandatlas, HA2021"
preis_miet_HA2021,https://www.karto365.de/hosting/rest/services/preis_miet_HA2021/MapServer,0,Wiedervermietungsmieten (Angebotsmieten nettokalt) im Jahr 2020 in € je m²,Feature Layer,"Map,Query,Data",401,"deutschlandatlas, HA2021"
wohn_EZFH_HA2023,https://www.karto365.de/hosting/rest/services/wohn_EZFH_HA2023/MapServer,3,Fertiggestellte Wohnungen in neuen Ein- und Zweifamilienhäusern je 10.000 Einwohner-/innen im Jahr 2021,Feature Layer,"Map,Query,Data",400,DeutschlandAtlas
bev_entw_ZA2021,https://www.karto365.de/hosting/rest/services/bev_entw_ZA2021/MapServer,0,Gemittelte Entwicklung der Bevölkerungszahl zwischen 2014 und 2019 pro Jahr in %,Feature Layer,"Map,Query,Data",11007,"deutschlandatlas, dev, ZA2021"
p_hbad_r_HA2022,https://www.karto365.de/hosting/rest/services/p_hbad_r_HA2022/MapServer,4,Pkw-Fahrzeit zum nächsten Hallenband im Jahr 2020 in Minuten,Raster Layer,"Map,Query",,deutschlandatlas
fl_suv_HA2021,https://www.karto365.de/hosting/rest/services/fl_suv_HA2021/MapServer,0,Anteil der Siedlungs- und Verkehrsfläche an der Gesamtfläche im Jahr 2019 in %,Feature Layer,"Map,Query,Data",401,"deutschlandatlas, HA2021"
v_breitb50_HA2022,https://www.karto365.de/hosting/rest/services/v_breitb50_HA2022/MapServer,3,"Anteil der Haushalte, die mit einer Internetgeschwindigkeit von mindestens 50 Mbit/s versorgt werden können, im Juni 2021 in %",Feature Layer,"Map,Query,Data",11001,deutschlandatlas
alq_HA2022,https://www.karto365.de/hosting/rest/services/alq_HA2022/MapServer,3,Arbeitslosenquote bezogen auf alle zivilen Erwerbspersonen im Jahr 2021 in %,Feature Layer,"Map,Query,Data",400,deutschlandatlas
VG250_v_lte_Grenzen,https://www.karto365.de/hosting/rest/services/VG250_v_lte_Grenzen/MapServer,0,VG250_v_lte,Feature Layer,Map,,"deutschlandatlas, base, 2020"
erw_vol_HA2021,https://www.karto365.de/hosting/rest/services/erw_vol_HA2021/MapServer,0,Veränderung des Arbeitsvolumens am Arbeitsort 2000 zu 2017 in %,Feature Layer,"Map,Query,Data",401,"deutschlandatlas, HA2021"
p_ozmz_b,https://www.karto365.de/hosting/rest/services/p_ozmz_b/MapServer,0,p_ozmz,Feature Layer,"Map,Query,Data",4726,"dev, deutschlandatlas, 2020"
erw_minineben_ZA2023,https://www.karto365.de/hosting/rest/services/erw_minineben_ZA2023/MapServer,3,Anteil der geringfügig entlohnten Beschäftigten im Nebenjob am Arbeitsort an allen Erwerbstätigen im Jahr 2020 in %,Feature Layer,"Map,Query,Data",401,Deutschlandatlas
p_harzt_b,https://www.karto365.de/hosting/rest/services/p_harzt_b/MapServer,0,p_harzt,Feature Layer,"Map,Query,Data",11224,"deutschlandatlas, dev, 2020"
heiz_wohn_HA2022,https://www.karto365.de/hosting/rest/services/heiz_wohn_HA2022/MapServer,5,Anteil fertiggestellter Wohnungen mit primär erneuerbarer Heizenergie an allen errichteten Wohnungen in neuen Wohngebäuden im Jahr 2020 in %,Feature Layer,"Map,Query,Data",401,deutschlandatlas
fl_wald_HA2021,https://www.karto365.de/hosting/rest/services/fl_wald_HA2021/MapServer,0,Anteil der Waldfläche an der Gesamtfläche im Jahr 2019 in %,Feature Layer,"Map,Query,Data",401,"deutschlandatlas, HA2021"
luftrtng_a,https://www.karto365.de/hosting/rest/services/luftrtng_a/MapServer,0,Erreichbarkeit durch Luftrettung während des Tages im Jahr 2016 in Minuten,Raster Layer,"Map,Query",,"deutschlandatlas, dev, 2020"
oenv_wms,https://www.karto365.de/hosting/rest/services/oenv_wms/MapServer,0,"Anteil der Bevölkerung, die in maximal 600 m bzw. bei Bahnhöfen 1.200 m Luftlinienentfernung um eine Haltestelle mit mindestens 20 Abfahrten im ÖV am Tag wohnt, im Jahr 2020 in %",Feature Layer,"Map,Query,Data",4618,deutschlandatlas
kbetr_ue6_HA2021,https://www.karto365.de/hosting/rest/services/kbetr_ue6_HA2021/MapServer,0,Anteil der betreuten Kinder ab 6 bis unter 11 Jahren in Kindertageseinrichtungen/-tagespflege an der Altersgruppe im Jahr 2019 in %,Feature Layer,"Map,Query,Data",401,"deutschlandatlas, HA2021"
schule_oabschl_HA2021,https://www.karto365.de/hosting/rest/services/schule_oabschl_HA2021/MapServer,0,Anteil der Schulabgänger/-innen ohne Hauptschulabschluss an allen Schulabgänger/-innen allgemeinbildender Schulen im Jahr 2019 in %,Feature Layer,"Map,Query,Data",401,"deutschlandatlas, HA2021"
p_poli_a,https://www.karto365.de/hosting/rest/services/p_poli_a/MapServer,0,Pkw-Fahrzeit von der nächsten Polizeidienststelle im Jahr 2014 in Minuten,Raster Layer,"Map,Query",,"deutschlandatlas, dev, 2020"
straft_HA2021,https://www.karto365.de/hosting/rest/services/straft_HA2021/MapServer,0,Straftaten insgesamt pro 100.000 Einwohner/-innen im Jahr 2020,Feature Layer,"Map,Query,Data",401,"deutschlandatlas, HA2021"
erw_bip_ZA2023,https://www.karto365.de/hosting/rest/services/erw_bip_ZA2023/MapServer,3,Bruttoinlandsprodukt je erwerbstätige Person im Jahr 2020 in 1.000 €,Feature Layer,"Map,Query,Data",401,Deutschlandatlas
pfl_geld_ZA2022,https://www.karto365.de/hosting/rest/services/pfl_geld_ZA2022/MapServer,0,Anteil der Pflegegeldempfänger/-innen im Jahr 2019 an den Pflegebedürftigen insgesamt in %,Feature Layer,"Map,Query,Data",401,deutschlandatlas
p_apo_a,https://www.karto365.de/hosting/rest/services/p_apo_a/MapServer,0,Pkw-Fahrzeit zur nächsten öffentlichen Apotheke im Jahr 2013 in Minuten,Raster Layer,"Map,Query",,"deutschlandatlas, dev, 2020"
grusi_ZA2023,https://www.karto365.de/hosting/rest/services/grusi_ZA2023/MapServer,3,Anteil der Bevölkerung mit Grundsicherung im Alter an den 65-Jährigen und Älteren im Jahr 2021 in %,Feature Layer,"Map,Query,Data",400,deutschlandatlas
wahl_beteil_HA2022,https://www.karto365.de/hosting/rest/services/wahl_beteil_HA2022/MapServer,4,Bundestagswahlbeteiligung 2021 in Kreisen in %,Feature Layer,"Map,Query,Data",400,deutschlandatlas
p_harzt_a,https://www.karto365.de/hosting/rest/services/p_harzt_a/MapServer,0,Pkw-Fahrzeit zur nächsten hausärztlichen Praxis im Jahr 2016 in Minuten,Raster Layer,"Map,Query",,"deutschlandatlas, dev, 2020"
teilz_m_HA2021,https://www.karto365.de/hosting/rest/services/teilz_m_HA2021/MapServer,0,Männliche sozialversicherungspflichtig Beschäftigte in Teilzeit am Arbeitsort an den männlichen sozialversicherungspflichtig Beschäftigten im Jahr 2020 in %,Feature Layer,"Map,Query,Data",401,"deutschlandatlas, HA2021"
kbetr_ue3_HA2021,https://www.karto365.de/hosting/rest/services/kbetr_ue3_HA2021/MapServer,0,Anteil der betreuten Kinder ab 3 bis unter 6 Jahren in Kindertageseinrichtungen/ -tagespflege an der Altersgruppe im Jahr 2019 in %,Feature Layer,"Map,Query,Data",401,"deutschlandatlas, HA2021"
p_ozmz_oev_f_HA2021,https://www.karto365.de/hosting/rest/services/p_ozmz_oev_f_HA2021/MapServer,0,p_ozmz_oev,Feature Layer,"Map,Query,Data",4618,"deutschlandatlas, HA2021"
p_apo_b,https://www.karto365.de/hosting/rest/services/p_apo_b/MapServer,0,p_apo,Feature Layer,"Map,Query,Data",11224,"deutschlandatlas, dev, 2020"
schulden_HA2021,https://www.karto365.de/hosting/rest/services/schulden_HA2021/MapServer,0,Anteil überschuldeter Personen über 18 Jahre an der Altersgruppe im Jahr 2020 in %,Feature Layer,"Map,Query,Data",401,"deutschlandatlas, HA2021"
kbtr_pers_ZA2022,https://www.karto365.de/hosting/rest/services/kbtr_pers_ZA2022/MapServer,3,Plätze in Kindertageseinrichtungen je pädagogisch tätige Person im Jahr 2021,Feature Layer,"Map,Query,Data",401,"deutschlandatlas, ZA2022"
erw_wachs_ZA2023,https://www.karto365.de/hosting/rest/services/erw_wachs_ZA2023/MapServer,3,Gemittelte Entwicklung der Erwerbstätigenzahl am Arbeitsort von 2010 bis 2020 pro Jahr in %,Feature Layer,"Map,Query,Data",401,deutschlandatlas
wahl_beteil,https://www.karto365.de/hosting/rest/services/wahl_beteil/MapServer,0,Bundestagswahlbeteiligung 2017 in Gemeinden in %,Feature Layer,"Map,Query,Data",11264,"deutschlandatlas, dev, 2020"
erw_minineben_HA2021,https://www.karto365.de/hosting/rest/services/erw_minineben_HA2021/MapServer,0,Anteil der geringfügig entlohnten Beschäftigten im Nebenjob am Arbeitsort an allen Erwerbstätigen im Jahr 2018 in %,Feature Layer,"Map,Query,Data",401,"deutschlandatlas, HA2021"
elterng_v_HA2021,https://www.karto365.de/hosting/rest/services/elterng_v_HA2021/MapServer,0,"Anteil der Kinder, deren Vater Elterngeld bezogen hat, an allen anspruchsbegründeten Kindern im Jahr 2017 in %",Feature Layer,"Map,Query,Data",401,"deutschlandatlas, HA2021"
p_markt_a,https://www.karto365.de/hosting/rest/services/p_markt_a/MapServer,0,Pkw-Fahrzeit zum nächsten Supermarkt oder Discounter im Jahr 2017 in Minuten,Raster Layer,"Map,Query",,"deutschlandatlas, dev, 2020"
bev_binw_HA2021,https://www.karto365.de/hosting/rest/services/bev_binw_HA2021/MapServer,0,Saldo der Binnenwanderungen pro 10.000 Einwohner/-innen im Jahr 2019,Feature Layer,"Map,Query,Data",401,"deutschlandatlas, HA2021"
teilz_insg_HA2021,https://www.karto365.de/hosting/rest/services/teilz_insg_HA2021/MapServer,0,Anteil der sozialversicherungspflichtig Beschäftigten in Teilzeit am Arbeitsort an den sozialversicherungspflichtig Beschäftigten im Jahr 2020 in %,Feature Layer,"Map,Query,Data",401,"deutschlandatlas, HA2021"
hh_veink_ZA2023,https://www.karto365.de/hosting/rest/services/hh_veink_ZA2023/MapServer,3,Verfügbares Einkommen privater Haushalte je Einwohner/-in im Jahr 2020 in 1.000 €,Feature Layer,"Map,Query,Data",401,Deutschlandatlas
bev_ausl_ZA2022,https://www.karto365.de/hosting/rest/services/bev_ausl_ZA2022/MapServer,0,Anteil der Ausländer/-innen an der Gesamtbevölkerung im Jahr 2020 in %,Feature Layer,"Map,Query,Data",401,deutschlandatlas
einbr_HA2021,https://www.karto365.de/hosting/rest/services/einbr_HA2021/MapServer,0,Fälle von Wohnungseinbruchdiebstahl pro 100.000 Einwohner/-innen im Jahr 2020,Feature Layer,"Map,Query,Data",401,"deutschlandatlas, HA2021"
beschq_m_HA2021,https://www.karto365.de/hosting/rest/services/beschq_m_HA2021/MapServer,0,Sozialversicherungspflichtig beschäftigte Männer am Wohnort je 100 Männer im erwerbsfähigen Alter im Jahr 2020,Feature Layer,"Map,Query,Data",11007,"deutschlandatlas, HA2021"
oenv_HA2021,https://www.karto365.de/hosting/rest/services/oenv_HA2021/MapServer,0,"Anteil der Bevölkerung, die in maximal 600 m bzw. bei Bahnhöfen 1.200 m Luftlinienentfernung um eine Haltestelle mit mindestens 20 Abfahrten im ÖV am Tag wohnt, im Jahr 2020 in %",Feature Layer,"Map,Query,Data",4618,"deutschlandatlas, HA2021"
pfl_ambu_HA2021,https://www.karto365.de/hosting/rest/services/pfl_ambu_HA2021/MapServer,0,Anteil der Pflegebedürftigen in ambulanter Pflege an den Pflegebedürftigen insgesamt im Jahr 2017 in %,Feature Layer,"Map,Query,Data",401,"deutschlandatlas, HA2021"
v_breitb1000_HA2021,https://www.karto365.de/hosting/rest/services/v_breitb1000_HA2021/MapServer,0,"Anteil der Haushalte, die mit einer Internetgeschwindigkeit von mindestens 1.000 Mbit/s versorgt werden können, im Juni 2020 in %",Feature Layer,"Map,Query,Data",11139,"deutschlandatlas, HA2021"
pfl_geld_HA2021,https://www.karto365.de/hosting/rest/services/pfl_geld_HA2021/MapServer,0,Anteil der Pflegegeldempfänger/-innen an den Pflegebedürftigen insgesamt im Jahr 2017 in %,Feature Layer,"Map,Query,Data",401,"deutschlandatlas, HA2021"
p_kh_gru_a,https://www.karto365.de/hosting/rest/services/p_kh_gru_a/MapServer,0,Pkw-Fahrzeit zum nächsten Krankenhaus mit Grundversorgung im Jahr 2016 in Minuten,Raster Layer,"Map,Query",,"deutschlandatlas, dev, 2020"
einbr_wms,https://www.karto365.de/hosting/rest/services/einbr_wms/MapServer,3,Fälle von Wohnungseinbruchdiebstahl pro 100.000 Einwohner/-innen im Jahr 2021,Feature Layer,"Query,Map,Data",401,"deutschlandatlas, geoportal"
bev_u18_za2022,https://www.karto365.de/hosting/rest/services/bev_u18_za2022/MapServer,0,Anteil der unter 18-Jährigen an der Gesamtbevölkerung im Jahr 2020 in %,Feature Layer,"Map,Query,Data",401,deutschlandatlas
pfl_stat_ZA2022,https://www.karto365.de/hosting/rest/services/pfl_stat_ZA2022/MapServer,0,Anteil der Pflegebedürftigen in stationärer Pflege an den Pflegebedürftigen insgesamt im Jahr 2019 in %,Feature Layer,"Map,Query,Data",401,deutschlandatlas
p_poli_b,https://www.karto365.de/hosting/rest/services/p_poli_b/MapServer,0,p_poli,Feature Layer,"Map,Query,Data",11224,"deutschlandatlas, dev, 2020"
erw_minineben_ZA2022,https://www.karto365.de/hosting/rest/services/erw_minineben_ZA2022/MapServer,0,Anteil der geringfügig entlohnten Beschäftigten im Nebenjob am Arbeitsort an allen Erwerbstätigen im Jahr 2019 in %,Feature Layer,"Map,Query,Data",401,deutschlandatlas
erw_mini_HA2021,https://www.karto365.de/hosting/rest/services/erw_mini_HA2021/MapServer,0,Anteil der ausschließlich geringfügig entlohnten Beschäftigten am Arbeitsort an allen Erwerbstätigen im Jahr 2018 in %,Feature Layer,"Map,Query,Data",401,"deutschlandatlas, HA2021"
p_freibad_r_HA2022,https://www.karto365.de/hosting/rest/services/p_freibad_r_HA2022/MapServer,5,Pkw-Fahrzeit zum nächsten Natur- oder Freibad im Jahr 2020 in Minuten,Raster Layer,"Map,Query",,deutschlandatlas
elternv_g_HA2023,https://www.karto365.de/hosting/rest/services/elternv_g_HA2023/MapServer,3,"Anteil der Kinder, deren Vater Elterngeld bezogen hat an allen anspruchsbegründeten Kindern im Jahr 2019 in %",Feature Layer,"Map,Query,Data",400,DeutschlandAtlas
teilz_m_HA2023,https://www.karto365.de/hosting/rest/services/teilz_m_HA2023/MapServer,6,Männliche sozialversicherungspflichtig Beschäftigte in Teilzeit am Arbeitsort an den männlichen sozialversicherungspflichtig Beschäftigten im Jahr 2022 in %,Feature Layer,"Map,Query,Data",401,DeutschlandAtlas
straft_HA2022,https://www.karto365.de/hosting/rest/services/straft_HA2022/MapServer,3,Straftaten insgesamt pro 100.000 Einwohner/-innen im Jahr 2021,Feature Layer,"Map,Query,Data",401,deutschlandatlas
p_sek_2_b,https://www.karto365.de/hosting/rest/services/p_sek_2_b/MapServer,0,p_sek_2,Feature Layer,"Map,Query,Data",11224,"deutschlandatlas, dev, 2020"
elade_ZA2023,https://www.karto365.de/hosting/rest/services/elade_ZA2023/MapServer,6,Öffentlich zugängliche Ladepunkte für Elektrofahrzeuge im Jahr 2022 je 100.000 Einwohner/-innen,Feature Layer,"Map,Query,Data",400,Deutschlandatlas
bquali_oabschl_HA2021,https://www.karto365.de/hosting/rest/services/bquali_oabschl_HA2021/MapServer,0,Anteil sozialversicherungspflichtig Beschäftigter am Arbeitsort ohne einen Berufs-/ akademischen Abschluss an allen sozialversicherungspflichtig Beschäftigten im Jahr 2020 in %,Feature Layer,"Map,Query,Data",401,"deutschlandatlas, HA2021"
p_sek_2_a,https://www.karto365.de/hosting/rest/services/p_sek_2_a/MapServer,0,Pkw-Fahrzeit zur nächsten Schule der Sekundarstufe II in den Jahren 2015/2016/2017 in Minuten,Raster Layer,"Map,Query",,"deutschlandatlas, dev, 2020"
kbetr_u3_HA2021,https://www.karto365.de/hosting/rest/services/kbetr_u3_HA2021/MapServer,0,Anteil der betreuten Kinder unter 3 Jahren in Kindertageseinrichtungen/-tagespflege an der Altersgruppe im Jahr 2019 in %,Feature Layer,"Map,Query,Data",401,"deutschlandatlas, HA2021"
p_ozmz_a,https://www.karto365.de/hosting/rest/services/p_ozmz_a/MapServer,0,Pkw-Fahrzeit zum nächsten Ober- oder Mittelzentrum 2019 in Minuten,Raster Layer,"Map,Query",,"dev, deutschlandatlas, 2020"
v_lte_HA2021,https://www.karto365.de/hosting/rest/services/v_lte_HA2021/MapServer,0,Mobile Breitbandverfügbarkeit mit LTE ab 2 Mbit/s in % der Fläche im Jahr 2020,Feature Layer,"Map,Query,Data",11305,"deutschlandatlas, HA2021"
erw_wachs_ZA2022,https://www.karto365.de/hosting/rest/services/erw_wachs_ZA2022/MapServer,0,Gemittelte Entwicklung der Erwerbstätigenzahl am Arbeitsort von 2009 bis 2019 pro Jahr in %,Feature Layer,"Map,Query,Data",401,deutschlandatlas
grusi_HA2021,https://www.karto365.de/hosting/rest/services/grusi_HA2021/MapServer,0,Anteil der Bevölkerung mit Grundsicherung im Alter an den 65-Jährigen und Älteren im Jahr 2019 in %,Feature Layer,"Map,Query,Data",401,"deutschlandatlas, HA2021"
preis_baul_wms,https://www.karto365.de/hosting/rest/services/preis_baul_wms/MapServer,0,Baulandpreise für Eigenheime im Jahr 2020 in € je m²,Feature Layer,"Map,Query,Data",401,deutschlandatlas
bev_dicht_ZA2021,https://www.karto365.de/hosting/rest/services/bev_dicht_ZA2021/MapServer,0,Einwohner/-innen je km² im Jahr 2019,Feature Layer,"Map,Query,Data",11007,"deutschlandatlas, dev, ZA2021"
v_breitb1000_HA2022,https://www.karto365.de/hosting/rest/services/v_breitb1000_HA2022/MapServer,3,"Anteil der Haushalte, die mit einer Internetgeschwindigkeit von mindestens 1.000 Mbit/s versorgt werden können, im Juni 2021 in %",Feature Layer,"Map,Query,Data",11001,deutschlandatlas
pendel_b_HA2022,https://www.karto365.de/hosting/rest/services/pendel_b_HA2022/MapServer,1,Pendlerverflechtungen zwischen Gemeindeverbänden nach Anzahl der Pendler im Jahr 2020,Feature Layer,"Map,Query,Data",16200,deutschlandatlas
kbtr_pers_ZA2023,https://www.karto365.de/hosting/rest/services/kbtr_pers_ZA2023/MapServer,4,Plätze in Kindertageseinrichtungen je pädagogisch tätige Person im Jahr 2022,Feature Layer,"Map,Query,Data",400,deutschlandatlas
VG250_LAN1217_grenzen,https://www.karto365.de/hosting/rest/services/VG250_LAN1217_grenzen/MapServer,0,VG250_LAN1217,Feature Layer,"Map,Query,Data",16,"deutschlandatlas, base, 2020"
bev_ausw_HA2021,https://www.karto365.de/hosting/rest/services/bev_ausw_HA2021/MapServer,0,Saldo der Außenwanderungen pro 10.000 Einwohner/-innen im Jahr 2019,Feature Layer,"Map,Query,Data",401,"deutschlandatlas, HA2021"
beschq_w_HA2021,https://www.karto365.de/hosting/rest/services/beschq_w_HA2021/MapServer,0,Sozialversicherungspflichtig beschäftigte Frauen am Wohnort je 100 Frauen im erwerbsfähigen Alter im Jahr 2020,Feature Layer,"Map,Query,Data",11007,"deutschlandatlas, HA2021"
bev_dicht_ZA2022,https://www.karto365.de/hosting/rest/services/bev_dicht_ZA2022/MapServer,0,Einwohner/-innen je km² im Jahr 2020,Feature Layer,"Map,Query,Data",11001,deutschlandatlas
preis_baul_ZA2022,https://www.karto365.de/hosting/rest/services/preis_baul_ZA2022/MapServer,0,Baulandpreise für Eigenheime im Jahr 2020 in € je m²,Feature Layer,"Map,Query,Data",401,deutschlandatlas
erw_bip_ZA2022,https://www.karto365.de/hosting/rest/services/erw_bip_ZA2022/MapServer,0,Bruttoinlandsprodukt je erwerbstätige Person im Jahr 2019 in 1.000 €,Feature Layer,"Map,Query,Data",401,deutschlandatlas
v_breitb_ZA2021,https://www.karto365.de/hosting/rest/services/v_breitb_ZA2021/MapServer,0,"Anteil der Haushalte, die mit einer Internetgeschwindigkeit von mindestens 50 Mbit/s versorgt werden können im Jahr 2019 in %",Feature Layer,"Map,Query,Data",401,"deutschlandatlas, dev, ZA2021"
hh_veink_HA2021,https://www.karto365.de/hosting/rest/services/hh_veink_HA2021/MapServer,0,Verfügbares Einkommen privater Haushalte je Einwohner/-in im Jahr 2018 in 1.000 €,Feature Layer,"Map,Query,Data",401,"deutschlandatlas, HA2021"
pfl_stat_HA2021,https://www.karto365.de/hosting/rest/services/pfl_stat_HA2021/MapServer,0,Anteil der Pflegebedürftigen in stationärer Pflege an den Pflegebedürftigen insgesamt im Jahr 2017 in %,Feature Layer,"Map,Query,Data",401,"deutschlandatlas, HA2021"
alq_HA2021,https://www.karto365.de/hosting/rest/services/alq_HA2021/MapServer,0,Arbeitslosenquote bezogen auf alle zivilen Erwerbspersonen im Jahr 2020 in %,Feature Layer,"Map,Query,Data",401,"deutschlandatlas, HA2021"
bev_18_65_HA2021,https://www.karto365.de/hosting/rest/services/bev_18_65_HA2021/MapServer,0,Anteil der 18- bis unter 65-Jährigen an der Gesamtbevölkerung im Jahr 2019 in %,Feature Layer,"Map,Query,Data",401,"deutschlandatlas, HA2021"
p_grunds_a,https://www.karto365.de/hosting/rest/services/p_grunds_a/MapServer,0,Pkw-Fahrzeit zur nächsten Grundschule in den Jahren 2015/16/17 in Minuten,Raster Layer,"Map,Query",,"deutschlandatlas, dev, 2020"
bev_18_65_korrigiert,https://www.karto365.de/hosting/rest/services/bev_18_65_korrigiert/MapServer,0,Anteil der 18- bis unter 65-Jährigen an der Gesamtbevölkerung im Jahr 2018 in %,Feature Layer,"Map,Query,Data",401,"dev, deutschlandatlas, 2020"
erw_wachs_HA2021,https://www.karto365.de/hosting/rest/services/erw_wachs_HA2021/MapServer,0,Gemittelte Entwicklung der Erwerbstätigenzahl am Arbeitsort von 2008 bis 2018 pro Jahr in %,Feature Layer,"Map,Query,Data",401,"deutschlandatlas, HA2021"
p_freibad_f_HA2022,https://www.karto365.de/hosting/rest/services/p_freibad_f_HA2022/MapServer,4,p_freibad_f,Feature Layer,"Map,Query,Data",10994,deutschlandatlas
st_einnkr_HA2022,https://www.karto365.de/hosting/rest/services/st_einnkr_HA2022/MapServer,3,Steuereinnahmekraft je Einwohner/-in im Jahr 2020 in €,Feature Layer,"Map,Query,Data",11001,deutschlandatlas
p_apo_r_ZA2022,https://www.karto365.de/hosting/rest/services/p_apo_r_ZA2022/MapServer,0,Pkw-Fahrzeit zum nächsten öffentlichen Apotheke im Jahr 2020 in Minuten,Raster Layer,Map,,deutschlandatlas
VG250_Verbandsgemeinden1218_Punkt,https://www.karto365.de/hosting/rest/services/VG250_Verbandsgemeinden1218_Punkt/MapServer,0,VG250_Verbandsgemeinden1218_Punkte_innerhalb,Feature Layer,Map,,"deutschlandatlas, base, 2020"
VG250_Verbandsgemeinden1218_Punkt,https://www.karto365.de/hosting/rest/services/VG250_Verbandsgemeinden1218_Punkt/MapServer,1,VG250_Verbandsgemeinden1218,Feature Layer,Map,,"deutschlandatlas, base, 2020"
bquali_mabschl_HA2021,https://www.karto365.de/hosting/rest/services/bquali_mabschl_HA2021/MapServer,0,Anteil sozialversicherungspflichtig Beschäftigter am Arbeitsort mit einem anerkannten Berufsabschluss und ohne einen akademischen Abschluss an allen sozialversicherungspflichtig Beschäftigten im Jahr 2020 in %,Feature Layer,"Map,Query,Data",401,"deutschlandatlas, HA2021"
p_kh_sm_a,https://www.karto365.de/hosting/rest/services/p_kh_sm_a/MapServer,0,Pkw-Fahrzeit zum nächsten Krankenhaus mit Schwerpunkt- und/oder Maximalversorgung im Jahr 2016 in Minuten,Raster Layer,"Map,Query",,"deutschlandatlas, dev, 2020"
pendel_a_HA2022,https://www.karto365.de/hosting/rest/services/pendel_a_HA2022/MapServer,4,Durchschnittliche Pendeldistanzen aller SV-Beschäftigten am Wohnort im Jahr 2020 in km,Feature Layer,"Map,Query,Data",4603,deutschlandatlas
VG250_Gemeinden1221_Punkte,https://www.karto365.de/hosting/rest/services/VG250_Gemeinden1221_Punkte/MapServer,0,VG250_Gemeinden_1221__Punkte_innerhalb,Feature Layer,"Query,Map,Data",7694,deutschlandatlas
VG250_Gemeinden1221_Punkte,https://www.karto365.de/hosting/rest/services/VG250_Gemeinden1221_Punkte/MapServer,1,VG250_Gemeinden_1221,Feature Layer,"Query,Map,Data",11123,deutschlandatlas
p_elade_r_HA2022,https://www.karto365.de/hosting/rest/services/p_elade_r_HA2022/MapServer,5,Pkw-Fahrzeit zur nächsten öffentlich zugänglichen Ladestation für Elektroautos im Jahr 2020 in Minuten,Raster Layer,"Map,Query",,deutschlandatlas
fl_landw_ZA2023,https://www.karto365.de/hosting/rest/services/fl_landw_ZA2023/MapServer,3,Anteil der Landwirtschaftsfläche an der Gesamtfläche im Jahr 2021 in %,Feature Layer,"Map,Query,Data",400,Deutschlandatlas
fl_wald_ZA2023,https://www.karto365.de/hosting/rest/services/fl_wald_ZA2023/MapServer,3,Anteil der Waldfläche an der Gesamtfläche im Jahr 2021 in %,Feature Layer,"Map,Query,Data",400,deutschlandatlas
kbetr_ue6_HA2023,https://www.karto365.de/hosting/rest/services/kbetr_ue6_HA2023/MapServer,3,Anteil der betreuten Kinder ab 6 bis unter 11 Jahren in Kindertageseinrichtungen/-tagespflege an der Altersgruppe im Jahr 2021 in %,Feature Layer,"Map,Query,Data",400,DeutschlandAtlas
kinder_bg_HA2023,https://www.karto365.de/hosting/rest/services/kinder_bg_HA2023/MapServer,3,Anteil der unter 15-Jährigen in SGB-II-Bedarfsgemeinschaften an der Altersgruppe im Jahr 2021 in %,Feature Layer,"Map,Query,Data",400,DeutschlandAtlas
bev_ausw_HA2023,https://www.karto365.de/hosting/rest/services/bev_ausw_HA2023/MapServer,3,Saldo der Außenwanderungen pro 10.000 Einwohner/-innen im Jahr 2021,Feature Layer,"Map,Query,Data",400,DeutschlandAtlas
bev_binw_HA2023,https://www.karto365.de/hosting/rest/services/bev_binw_HA2023/MapServer,3,Saldo der Binnenwanderungen pro 10.000 Einwohner/-innen im Jahr 2021,Feature Layer,"Map,Query,Data",400,DeutschlandAtlas
teilz_insg_HA2023,https://www.karto365.de/hosting/rest/services/teilz_insg_HA2023/MapServer,6,Anteil der sozialversicherungspflichtig Beschäftigten in Teilzeit am Arbeitsort an den sozialversicherungspflichtig Beschäftigten im Jahr 2022 in %,Feature Layer,"Map,Query,Data",401,DeutschlandAtlas
beschq_insg_HA2023,https://www.karto365.de/hosting/rest/services/beschq_insg_HA2023/MapServer,6,Sozialversicherungspflichtig Beschäftigte am Wohnort je 100 Einwohner/-innen im erwerbsfähigen Alter im Jahr 2022,Feature Layer,"Map,Query,Data",10994,DeutschlandAtlas
bquali_mabschl_HA2022,https://www.karto365.de/hosting/rest/services/bquali_mabschl_HA2022/MapServer,3,Anteil sozialversicherungspflichtig Beschäftigter am Arbeitsort mit einem anerkannten Berufsabschluss und ohne einen akademischen Abschluss an allen sozialversicherungspflichtig Beschäftigten im Jahr 2021 in %,Feature Layer,"Map,Query,Data",400,deutschlandatlas
bev_16_65_ZA2022,https://www.karto365.de/hosting/rest/services/bev_16_65_ZA2022/MapServer,0,Anteil der 18- bis unter 65-Jährigen an der Gesamtbevölkerung im Jahr 2020 in %,Feature Layer,"Map,Query,Data",401,deutschlandatlas
Städtenamen_Landeshauptstädte,https://www.karto365.de/hosting/rest/services/Städtenamen_Landeshauptstädte/MapServer,0,GN250_25000_Auswahl5,Feature Layer,"Map,Query,Data",514,"base, test, 2020, deutschlandatlas"
p_apo_a_3857,https://www.karto365.de/hosting/rest/services/p_apo_a_3857/MapServer,0,Pkw-Fahrzeit zum nächsten öffentlichen Apotheke im Jahr 2013 in Minuten,Raster Layer,Map,,"deutschlandatlas, test, 2020"
VG250_Laender1218_Grenzen,https://www.karto365.de/hosting/rest/services/VG250_Laender1218_Grenzen/MapServer,0,VG250_Laender1218,Feature Layer,"Map,Query,Data",16,"deutschlandatlas, test, 2020, base"
VG250_Gemeinden1218_Punkt,https://www.karto365.de/hosting/rest/services/VG250_Gemeinden1218_Punkt/MapServer,0,VG250_Gemeinden1218_Punkte_innerhalb,Feature Layer,Map,,"deutschlandatlas, dev, 2020, test"
VG250_Gemeinden1218_Punkt,https://www.karto365.de/hosting/rest/services/VG250_Gemeinden1218_Punkt/MapServer,1,VG250_Gemeinden1218,Feature Layer,Map,,"deutschlandatlas, dev, 2020, test"
